Epoch,TrainLoss,ValLoss,TrainMSE_Low,ValMSE_Low,TrainRMSE_Low,ValRMSE_Low,TrainMAE_Low,ValMAE_Low,TrainMAPE_Low,ValMAPE_Low,TrainR2_Low,ValR2_Low,TrainMSE_Open,ValMSE_Open,TrainRMSE_Open,ValRMSE_Open,TrainMAE_Open,ValMAE_Open,TrainMAPE_Open,ValMAPE_Open,TrainR2_Open,ValR2_Open,TrainMSE_Volume,ValMSE_Volume,TrainRMSE_Volume,ValRMSE_Volume,TrainMAE_Volume,ValMAE_Volume,TrainMAPE_Volume,ValMAPE_Volume,TrainR2_Volume,ValR2_Volume,TrainMSE_High,ValMSE_High,TrainRMSE_High,ValRMSE_High,TrainMAE_High,ValMAE_High,TrainMAPE_High,ValMAPE_High,TrainR2_High,ValR2_High,TrainMSE_Adjusted Close,ValMSE_Adjusted Close,TrainRMSE_Adjusted Close,ValRMSE_Adjusted Close,TrainMAE_Adjusted Close,ValMAE_Adjusted Close,TrainMAPE_Adjusted Close,ValMAPE_Adjusted Close,TrainR2_Adjusted Close,ValR2_Adjusted Close,TrainTime,ValTime
1,0.22039425207508934,0.14093751311302186,0.028925238,0.089733444,0.17007421,0.29955542,0.1378754,0.28922084,38.89273405075073,29.62520718574524,0.437557258455749,-4.938457523300387,0.029616056,0.09724208,0.17209317,0.31183663,0.14053541,0.3012841,39.9844229221344,30.857571959495544,0.4392908832756256,-5.416722541773563,0.8432259,0.28319028,0.9182733,0.5321562,0.5848297,0.47968358,369.77202892303467,93.80256533622742,0.11966403548618298,-0.9659220460368916,0.032390814,0.13275804,0.17997448,0.36435977,0.1487105,0.3543314,40.003979206085205,36.17672324180603,0.4022759285011477,-7.614097129522712,0.034137946,0.10176372,0.18476456,0.31900427,0.14875697,0.30819377,42.208316922187805,31.454506516456604,0.35938913532918804,-5.605537528652078,0.11717963218688965,0.015623807907104492
2,0.22292861507998574,0.2707861214876175,0.034805678,0.2141293,0.18656279,0.46274108,0.14660855,0.4554625,25.741246342658997,47.102975845336914,0.32321375957242726,-13.170833763572487,0.03907196,0.22537059,0.19766629,0.47473213,0.1551644,0.46710187,26.98843479156494,48.29453229904175,0.26026606287950116,-13.871549596452397,0.7303711,0.5376256,0.85461754,0.7332296,0.62121934,0.6891828,909.46044921875,145.29370069503784,0.23748548787467116,-2.73222624108951,0.034953464,0.21884832,0.18695846,0.46781227,0.14904356,0.46029156,27.052298188209534,47.25293815135956,0.3549860738603742,-13.200126552614865,0.023606114,0.15795672,0.15364282,0.3974377,0.12752345,0.38957483,26.909637451171875,40.00591337680817,0.5570228240220853,-9.253054750525054,0.10202145576477051,0.026050329208374023
3,0.16597906168964174,0.10553816370666028,0.0084116105,0.022602001,0.09171483,0.15033962,0.076471426,0.14090687,21.56575173139572,14.205092191696167,0.8364386980563182,-0.4957750178003808,0.011096184,0.0119788945,0.105338424,0.109448135,0.09223022,0.09721459,27.619490027427673,9.607793390750885,0.7899203195104983,0.2095475292521468,0.70591265,0.45920396,0.84018606,0.6776459,0.5943532,0.6331591,842.9512977600098,131.3465714454651,0.26302031114621593,-2.1878184791459114,0.010199129,0.01198042,0.100990735,0.1094551,0.08644475,0.096933395,25.271770358085632,9.5070980489254,0.8117903265583557,0.22264203937618443,0.009366242,0.021925509,0.09677935,0.14807265,0.08074041,0.13763984,21.3725283741951,13.764961063861847,0.8242391117229774,-0.4231964759274671,0.11389732360839844,0.0030336380004882812
4,0.1520754314131207,0.04719475172460079,0.004662412,0.006495038,0.06828186,0.0805918,0.057711996,0.07086833,16.338220238685608,7.017751783132553,0.9093407573177156,0.5701657347428181,0.0054123965,0.007693302,0.07356899,0.08771147,0.06267772,0.07753349,17.34582632780075,7.6754458248615265,0.8975292259347691,0.4923413611204166,0.6985044,0.21172304,0.8357658,0.46013373,0.5489325,0.4055628,642.8261280059814,94.27105188369751,0.27075467262539554,-0.46979275008666455,0.005943716,0.0055143116,0.0770955,0.07425841,0.06571001,0.06389499,17.455358803272247,6.268183141946793,0.890317609350241,0.6422000604724143,0.005239357,0.004548047,0.072383404,0.06743921,0.06143256,0.057424713,17.17168092727661,5.645044893026352,0.9016815813000768,0.7047838018012655,0.08269810676574707,0.015623807907104492
5,0.14256006644831765,0.062215168075636026,0.0020522692,0.0026148283,0.045301978,0.05113539,0.038933102,0.04393107,10.841548442840576,4.395091161131859,0.9600942285495953,0.8269536342315604,0.00204642,0.004974202,0.045237374,0.07052802,0.03800508,0.063763976,10.386990010738373,6.41510933637619,0.9612559374041358,0.6717668316147116,0.6669382,0.29968396,0.81666285,0.547434,0.58133644,0.49529997,951.2303352355957,99.13041591644287,0.3037100872981685,-1.0804218769649148,0.0021497728,0.002191791,0.04636564,0.04681657,0.03954612,0.039583717,10.909367352724075,3.906843066215515,0.9603291571380487,0.8577841049470126,0.002548051,0.00161109,0.050478224,0.040138386,0.043537848,0.032750584,12.392660230398178,3.269422799348831,0.9521849056997693,0.8954232895859127,0.08823037147521973,0.01001286506652832
6,0.13661284537778962,0.040436607273295525,0.0008323221,0.0009393692,0.028849993,0.030649131,0.02128764,0.024771804,4.295934364199638,2.52828449010849,0.9838157398070042,0.9378336090161308,0.0007403565,0.0005655985,0.027209492,0.023782315,0.020707553,0.017962545,4.893768951296806,1.8893137574195862,0.9859831227003234,0.9626778005026064,0.6560504,0.19848892,0.80996937,0.44552097,0.5587427,0.3874965,869.8596954345703,94.88568305969238,0.31507710533391187,-0.3779208105779399,0.00088526757,0.0006610593,0.029753447,0.025711073,0.021213237,0.019126967,4.75706085562706,2.0104775205254555,0.9836637096136146,0.957106706562006,0.0009891216,0.0015280732,0.031450305,0.039090578,0.023914902,0.03238032,4.747147858142853,3.289448097348213,0.9814387768820527,0.900811942513922,0.11387157440185547,0.0
7,0.13357162185841137,0.03817097040591762,0.0009966374,0.0009366773,0.031569563,0.030605184,0.02399297,0.025281508,5.184447020292282,2.6318643242120743,0.9806206766247807,0.9380117661602068,0.0009108005,0.0011319406,0.03017947,0.033644326,0.023526521,0.028244501,5.081739649176598,2.9161695390939713,0.9827561743499997,0.9253065212268117,0.6479494,0.18657272,0.80495304,0.43194064,0.55140126,0.37323722,856.3497543334961,93.72730851173401,0.32353459251839334,-0.29519789003325037,0.0011276198,0.0010850815,0.03358005,0.032940574,0.027278423,0.02693209,5.96487820148468,2.761959284543991,0.9791914629623026,0.929593730599606,0.0011448731,0.0011284222,0.033835974,0.033591997,0.026521802,0.02727058,5.817966908216476,2.8202811256051064,0.9785160442691301,0.9267535084805112,0.09829521179199219,0.0
8,0.13345246141155562,0.047905433655250816,0.0024432468,0.0006852948,0.049429208,0.026178136,0.0395311,0.019993182,9.839970618486404,2.115989290177822,0.9524917833276771,0.9546479652264332,0.0023503988,0.0006002239,0.048480913,0.024499467,0.039884977,0.018739704,10.170488059520721,1.9775325432419777,0.9555008269782074,0.9603929667806124,0.63890105,0.23646067,0.7993129,0.48627222,0.5594239,0.43076,940.0153160095215,93.19015741348267,0.3329810879802364,-0.6415227330388571,0.0024835656,0.00084239105,0.049835384,0.029023973,0.04135485,0.022599136,10.286346822977066,2.404690906405449,0.9541695105904795,0.9453408689686406,0.0030515436,0.00093855796,0.05524078,0.030635893,0.045489356,0.024301589,11.202584207057953,2.5797164067626,0.9427366789456189,0.9390777043897499,0.12434744834899902,0.0
9,0.1311958966155847,0.03968256553635001,0.0013990548,0.0006731901,0.03740394,0.025945907,0.030396588,0.020152446,7.197390496730804,2.1225580945611,0.9727957887636494,0.9554490450560149,0.0013364876,0.0007082439,0.036558002,0.026612852,0.030587303,0.02098083,7.666968554258347,2.285338193178177,0.9746968073290988,0.9532650374755502,0.6349082,0.19527192,0.7968113,0.44189584,0.549384,0.38356864,922.1614837646484,91.41389727592468,0.33714971084418865,-0.35558817900824025,0.0015012841,0.0009951768,0.038746405,0.031546425,0.032200012,0.025385434,7.965099811553955,2.7650494128465652,0.9722960462122687,0.9354272556126163,0.0016762863,0.00076429255,0.040942475,0.027645841,0.03332063,0.021499157,7.9248204827308655,2.251267060637474,0.968543883537353,0.950389359452373,0.09814691543579102,0.01566624641418457
10,0.1299970025817553,0.03825624519959092,0.0011664081,0.0026545243,0.034152716,0.051522076,0.026252447,0.04570994,6.043235585093498,4.70595583319664,0.9773195376501128,0.8243265884792162,0.00096875406,0.0027183269,0.031124813,0.052137576,0.023787111,0.046980746,5.451744049787521,4.828215017914772,0.981658962387528,0.8206255190670393,0.63120383,0.18060581,0.79448336,0.42497742,0.5488712,0.36495084,957.1215629577637,91.97834134101868,0.34101713946439416,-0.2537753935941698,0.0009692765,0.0022871508,0.031133205,0.047824167,0.023952188,0.041923888,5.350241437554359,4.271829128265381,0.9821134521054861,0.8515966328177513,0.001232099,0.0030153804,0.03510127,0.054912478,0.027111271,0.04810331,6.228705868124962,4.923579469323158,0.9768792182887501,0.8042700605924149,0.0983121395111084,0.01563739776611328
11,0.12990030025442442,0.03965031220577657,0.001341077,0.0009497469,0.036620717,0.030817963,0.029877642,0.024654474,7.445618510246277,2.664034068584442,0.9739231525050447,0.9371468269223404,0.001432557,0.0011752556,0.037849136,0.034282003,0.0324871,0.028693661,8.112780004739761,3.1077323481440544,0.9728779635422672,0.9224482891171532,0.6277754,0.19338235,0.79232275,0.4397526,0.5527549,0.380295,1013.8467788696289,90.98545908927917,0.34459644562056324,-0.34247066192575093,0.0015162566,0.0015820452,0.03893914,0.039774932,0.033335596,0.034296937,8.18449929356575,3.6589276045560837,0.9720197512878284,0.8973478860314489,0.0015855032,0.0011621607,0.039818376,0.034090478,0.033015646,0.027494393,8.198753744363785,2.9540598392486572,0.9702474609629509,0.924563532934116,0.09836816787719727,0.01566290855407715
12,0.12932136158148447,0.03616713151568547,0.0017833518,0.0013164411,0.04222975,0.036282793,0.033092845,0.03017527,6.621338427066803,3.0667005106806755,0.9653232469766202,0.9128794167087938,0.001685962,0.0010362485,0.041060466,0.032190815,0.031787593,0.026001872,6.477978825569153,2.6294441893696785,0.9680803474052153,0.9316209650599548,0.6267953,0.17605522,0.79170406,0.41958934,0.5488806,0.35941634,1015.4953956604004,91.4394736289978,0.34561960279309545,-0.22218478256454022,0.0017311528,0.00091194024,0.041607123,0.030198349,0.03227833,0.02326708,6.53802827000618,2.344466559588909,0.9680541637504277,0.94082812112688,0.0020556413,0.0015158195,0.045339182,0.038933527,0.03555295,0.0318564,7.266019284725189,3.2210197299718857,0.961425149142953,0.901607344401727,0.09833550453186035,0.015657663345336914
13,0.12924341277943718,0.03537453920580447,0.0027159892,0.0014435763,0.052115154,0.037994426,0.03819884,0.032568153,9.418521076440811,3.3950213342905045,0.9471883857009881,0.9044657539902318,0.0026493229,0.0012216674,0.051471572,0.034952357,0.037896022,0.02995516,9.408818930387497,3.1154341995716095,0.949841413806214,0.9193857125814344,0.62543696,0.17141508,0.79084575,0.41402304,0.5449269,0.35338116,1016.0747528076172,91.51235818862915,0.34703776319502055,-0.18997265717843148,0.0026461382,0.0010640535,0.051440626,0.032619834,0.03854929,0.026725054,9.448575973510742,2.7638738974928856,0.9511694720674994,0.9309581468198794,0.0031340818,0.0017283079,0.05598287,0.041572925,0.041687854,0.034889102,10.194714367389679,3.6142483353614807,0.9411878260941754,0.8878146044887787,0.08822798728942871,0.01000833511352539
14,0.12903695222404268,0.039222023263573644,0.0014599079,0.0021993013,0.03820874,0.046896707,0.03240972,0.04204884,8.196383714675903,4.568519443273544,0.9716125219632702,0.8544527472225524,0.0014187987,0.0025073502,0.037666943,0.05007345,0.032354496,0.045832664,8.228340744972229,4.974989593029022,0.9731384433989085,0.8345472483775479,0.62353075,0.18599331,0.78963965,0.4312694,0.5493806,0.3713186,1057.9750061035156,90.45769572257996,0.3490278665771497,-0.29117556193073924,0.0014656734,0.0031548336,0.038284115,0.056167904,0.032943558,0.052291322,8.251907676458359,5.591288581490517,0.9729531869875732,0.7952964211519828,0.0015954311,0.0022553175,0.03994285,0.047490183,0.033720125,0.04206695,8.5928313434124,4.552585631608963,0.9700611603666459,0.8536061416024203,0.0982503890991211,0.0156557559967041
15,0.12945161801245478,0.03950413800776005,0.0022489368,0.0076954043,0.047422957,0.08772346,0.03905065,0.08409695,7.510462403297424,8.728662878274918,0.9562700830572429,0.4907268547971638,0.002042037,0.0065888218,0.045188904,0.08117156,0.037225176,0.07784837,7.228197902441025,8.076896518468857,0.9613389185888862,0.5652228011053498,0.62303,0.16911866,0.7893225,0.4112404,0.546983,0.3499474,1052.5418281555176,91.80845022201538,0.34955064393056345,-0.1740308329221083,0.0021278157,0.0062035853,0.046128254,0.078762844,0.03752167,0.07507198,7.219748944044113,7.743903249502182,0.9607343410987419,0.5974760368998975,0.0023276515,0.007914219,0.04824574,0.0889619,0.03913312,0.08469297,7.461850345134735,8.746398240327835,0.9563207816632953,0.48628378647431214,0.10568070411682129,0.027074575424194336
16,0.12982672659887207,0.03710046557243914,0.0033482728,0.0006802898,0.05786426,0.026082367,0.04551874,0.02061156,11.346153914928436,2.1764807403087616,0.9348938183676665,0.9549791925500628,0.0034204812,0.0005859173,0.058484882,0.02420573,0.04698968,0.018160379,11.648303270339966,1.9257772713899612,0.935241375254285,0.9613370168173179,0.6212682,0.1827243,0.7882057,0.42746264,0.5490405,0.3671273,1075.503158569336,90.90062379837036,0.35138999267975446,-0.2684819155891809,0.0033310582,0.0006685541,0.05771532,0.025856413,0.046572153,0.019900192,11.435580998659134,2.0917098969221115,0.938530301398016,0.9566204039805224,0.003822392,0.0008432547,0.061825495,0.029038848,0.049837187,0.023053879,12.352528423070908,2.4201562628149986,0.9282714355419255,0.9452638893475293,0.10995674133300781,0.012241363525390625
17,0.1293361650572883,0.03520733582554385,0.0039438303,0.0008587145,0.06279992,0.02930383,0.04849233,0.022829508,10.983794927597046,2.4907104671001434,0.9233133793976526,0.9431712468855424,0.0038760747,0.0010018478,0.062258128,0.031651977,0.047777534,0.025426494,10.943181067705154,2.7868662029504776,0.926615807563063,0.9338909752284269,0.62079287,0.17195234,0.7879041,0.41467136,0.5464127,0.35390756,1060.8821868896484,91.04261994361877,0.3518863024148883,-0.19370238299807108,0.003778435,0.0012902054,0.061468977,0.035919428,0.046992157,0.029885927,10.709892958402634,3.2290559262037277,0.9302746225306,0.9162841242810958,0.004266728,0.0009335595,0.065320194,0.030554205,0.050681632,0.02387011,11.56717836856842,2.5842295959591866,0.9199333150137514,0.9394021587091688,0.10390639305114746,0.010010480880737305
18,0.1284861055513223,0.035440337797626856,0.0033887175,0.0045511024,0.058212694,0.067461856,0.04377663,0.061589547,10.825023800134659,6.430753320455551,0.9341073812210973,0.6988132100560537,0.0031491306,0.0040685292,0.056117114,0.063785024,0.041847087,0.05871267,10.498391836881638,6.127684935927391,0.9403787497923306,0.7315295575264571,0.620961,0.15964407,0.7880108,0.39955485,0.53888595,0.33727422,1017.4837112426758,91.99744462966919,0.35171069798198773,-0.10825773637804903,0.0032420976,0.0036452636,0.05693942,0.06037602,0.042733967,0.05458043,10.61789095401764,5.668829381465912,0.9401719365553377,0.7634745200254625,0.003680985,0.005292726,0.06067112,0.07275113,0.046037693,0.065880336,11.341056227684021,6.841839849948883,0.9309249889400104,0.6564463111684219,0.09829998016357422,0.01565384864807129
19,0.1300879799657398,0.04109710095217452,0.0008190518,0.0006081666,0.02861908,0.024661034,0.023204554,0.018624436,5.851985514163971,1.9092297181487083,0.9840737774881076,0.9597522251023279,0.00071520614,0.000495922,0.026743338,0.022269307,0.022071296,0.016416142,5.661766976118088,1.701473817229271,0.986459284439118,0.9672755480707341,0.61824965,0.20318897,0.78628856,0.45076486,0.5523487,0.39072436,1104.6537399291992,90.0313675403595,0.35454142157530477,-0.41054883927304786,0.0007280651,0.00050899107,0.026982682,0.022560831,0.02232829,0.01712808,5.659705027937889,1.776346005499363,0.9865646456112482,0.966973760251796,0.0009225239,0.0006834246,0.030373078,0.02614239,0.025095068,0.019862086,6.394661217927933,2.041051909327507,0.9826885062806943,0.9556385448881121,0.0826869010925293,0.01563739776611328
20,0.12928419849938816,0.03508141234051436,0.002487592,0.0025276982,0.049875766,0.05027622,0.039473675,0.045039743,7.525338977575302,4.599592834711075,0.951629501318716,0.8327197984538857,0.0022431742,0.0018203133,0.04736216,0.04266513,0.037025373,0.03707201,7.146431505680084,3.7626177072525024,0.9575308613191126,0.8798828150916869,0.6173796,0.16721721,0.7857351,0.40892202,0.5439684,0.34706736,1063.364028930664,91.45507216453552,0.35544971885137466,-0.16083091483689227,0.0022489962,0.0015285346,0.047423583,0.03909648,0.03696956,0.032472607,7.075421512126923,3.2729875296354294,0.9584981311055,0.9008199839549016,0.002630919,0.0023132907,0.051292486,0.04809668,0.04026273,0.041666854,7.846934348344803,4.2231786996126175,0.9506298598160134,0.8498430619510241,0.08259010314941406,0.025674104690551758
21,0.12917507853772905,0.034643137641251084,0.0034153112,0.0020206557,0.058440663,0.044951703,0.04290452,0.0395277,10.929132997989655,4.118409752845764,0.9335902756612873,0.8662752877840225,0.003209413,0.0016621683,0.05665168,0.0407697,0.04149604,0.03606892,10.620971769094467,3.7503372877836227,0.9392374529654999,0.8903183373560213,0.6159395,0.16565907,0.7848181,0.40701237,0.54214895,0.3448142,1064.9728775024414,91.65828824043274,0.3569532154556688,-0.1500141851708745,0.0031271898,0.0016226236,0.055921283,0.040281802,0.041323554,0.034498528,10.497382283210754,3.5667777061462402,0.9422923899121365,0.8947149353864854,0.003692495,0.0022511703,0.060765903,0.0474465,0.045626655,0.04076479,11.580389738082886,4.219434410333633,0.9307090066687452,0.8538753317830539,0.09830164909362793,0.0
22,0.12843147251341078,0.035543660959228875,0.0026423037,0.00059984287,0.051403344,0.02449169,0.039838344,0.01861659,8.815424889326096,1.9928501918911934,0.9486211779243866,0.9603030763526405,0.0023987547,0.0006499704,0.048977084,0.025494516,0.03787609,0.0195426,8.452325314283371,2.119595743715763,0.9545853248235,0.957110342490229,0.61433965,0.17500125,0.7837982,0.4183315,0.5442414,0.35708767,1082.9574584960938,90.76505899429321,0.3586234471768609,-0.2148680945186625,0.0022587257,0.0007852951,0.047526054,0.028023116,0.0366767,0.022353062,8.163421601057053,2.39829383790493,0.9583185905068436,0.9490455814071991,0.002579104,0.00068193284,0.05078488,0.026113844,0.039730724,0.020019824,8.858195692300797,2.1268025040626526,0.9516021828810496,0.9557353770394272,0.11413097381591797,0.010012388229370117
23,0.1267763508690728,0.03231756004970521,0.0015663818,0.00066527305,0.03957754,0.025792887,0.029153224,0.021098541,7.2467610239982605,2.212653309106827,0.9695421672977729,0.9559729856427948,0.0013693711,0.00048722644,0.037005015,0.022073206,0.027581135,0.016560232,6.885608285665512,1.7347173765301704,0.9740742375622881,0.967849340271995,0.6138882,0.15907869,0.7835102,0.3988467,0.5360434,0.33610263,1042.1653747558594,91.98383092880249,0.3590947955601377,-0.10433276910720357,0.0013813162,0.0005298489,0.037166063,0.023018448,0.028358852,0.017320387,7.0100173354148865,1.8047815188765526,0.9745098729212381,0.9656203864494934,0.0015595161,0.0008267644,0.039490707,0.028753512,0.030076195,0.022823745,7.433764636516571,2.3655327036976814,0.9707351222429172,0.9463342816004753,0.10964226722717285,0.010009288787841797
24,0.12566928938031197,0.03639715251047164,0.0005988309,0.00057139935,0.024471022,0.02390396,0.01801997,0.018505702,3.8581907749176025,1.911967620253563,0.9883559076353032,0.9621854396509771,0.00048362146,0.00041923096,0.021991394,0.02047513,0.015652042,0.014596134,3.349490836262703,1.5146037563681602,0.9908437855497016,0.9723361660331294,0.6105862,0.17992133,0.78140014,0.42417136,0.5441394,0.36214384,1107.6143264770508,90.60132503509521,0.3625420600022716,-0.24902351323376304,0.00049068755,0.00044828054,0.022151468,0.021172637,0.016270494,0.015712889,3.49721759557724,1.6298281028866768,0.9909450949088832,0.970913005927368,0.00065266766,0.00062552263,0.025547361,0.02501045,0.019277675,0.018644728,4.199551418423653,1.921623945236206,0.9877524564018233,0.9593969917276616,0.10569190979003906,0.015655040740966797
25,0.12461359178026517,0.03233713003573939,0.00055382,0.0005516248,0.02353338,0.023486694,0.016891591,0.01757777,3.5914771258831024,1.8648117780685425,0.989231133132532,0.9634940970173663,0.00045329743,0.00069788867,0.021290783,0.026417583,0.015117352,0.021574575,3.217170387506485,2.292074076831341,0.9914178980789549,0.9539483543325588,0.6085223,0.15880056,0.7800784,0.39849788,0.53731394,0.33466068,1080.9406280517578,92.28612780570984,0.3646968079452404,-0.10240192938582426,0.00045578493,0.00094480015,0.02134912,0.030737601,0.015483868,0.02565856,3.2666679471731186,2.6866117492318153,0.9915891693624591,0.9386959851700223,0.00062685675,0.0006907942,0.025037108,0.026282964,0.018371247,0.020354524,3.911992162466049,2.1452387794852257,0.9882368079221513,0.9551601804834918,0.08263111114501953,0.015638113021850586
26,0.12414139840337965,0.03318032958195545,0.00070647633,0.00049057265,0.026579622,0.022148876,0.018797437,0.016084183,4.373559728264809,1.6987936571240425,0.9862627743202333,0.9675344545530008,0.00060251926,0.0004748594,0.024546267,0.021791268,0.017775353,0.015930476,4.145897179841995,1.684589684009552,0.9885927404179208,0.968665407987718,0.6048139,0.1637069,0.7776978,0.4046071,0.53746724,0.3407093,1098.1746673583984,91.87292456626892,0.36856843857504995,-0.13646212690023174,0.000597944,0.0005807814,0.024452893,0.024099406,0.018424584,0.01860017,4.261762648820877,1.9396567717194557,0.9889658367877352,0.9623155925402433,0.00078002596,0.0006485207,0.027928945,0.02546607,0.020441556,0.01933866,4.700016975402832,2.0273130387067795,0.9853625311988217,0.957904172477748,0.08257627487182617,0.0156705379486084
27,0.12342904922035006,0.03311829374870286,0.0005886721,0.0004957217,0.024262566,0.022264808,0.017806923,0.016294634,3.723994269967079,1.7257219180464745,0.988553443503645,0.9671937009464897,0.0004859628,0.00070596905,0.022044564,0.026570078,0.015677245,0.021754907,3.3260948956012726,2.310909517109394,0.9907994578728755,0.953415152227052,0.6008769,0.1628156,0.7751625,0.40350416,0.535739,0.33889943,1103.5588264465332,91.91021919250488,0.3726786661639462,-0.13027466385873665,0.00047374537,0.00089255406,0.021765692,0.029875644,0.015710695,0.024770567,3.286667913198471,2.5915512815117836,0.9912577362119444,0.9420860027775377,0.00064084755,0.0006816083,0.025314966,0.026107628,0.018769804,0.020101802,3.9393089711666107,2.1171819418668747,0.9879742647990257,0.9557564446442209,0.09830617904663086,0.015655994415283203
28,0.12256457698014048,0.03156566775869578,0.0006900702,0.0004928342,0.026269188,0.02219987,0.018714216,0.01606518,4.324383661150932,1.6972579061985016,0.9865817867744571,0.9673847907930275,0.0005941073,0.0005716496,0.024374317,0.023909194,0.017654903,0.018424306,4.097051918506622,1.949094608426094,0.9887520003872998,0.9622785047857715,0.59616196,0.15542206,0.77211523,0.39423606,0.5322618,0.32841676,1071.8385696411133,92.61285662651062,0.37760114554599866,-0.07894825961780438,0.00058623863,0.0006791676,0.024212366,0.026060844,0.018265167,0.020517262,4.1933707892894745,2.138451859354973,0.9891818425399376,0.9559317344020989,0.0007319884,0.0006626406,0.027055284,0.025741806,0.019817622,0.019605357,4.5319318771362305,2.0583638921380043,0.9862639734268298,0.956987643807889,0.09824466705322266,0.0
29,0.12152426027589375,0.032051918120123445,0.0005732921,0.00061725016,0.02394352,0.02484452,0.017311433,0.019051507,3.8135595619678497,2.027185633778572,0.9888525039615668,0.9591510873090678,0.00048727647,0.00097085966,0.02207434,0.03115862,0.015758878,0.026576042,3.470490872859955,2.8244350105524063,0.9907745866660448,0.9359357921730409,0.58914876,0.15671343,0.76756024,0.39587048,0.5308733,0.32981324,1056.4262390136719,92.37445592880249,0.38492296440165463,-0.08791311632617682,0.00047926584,0.0010966271,0.021892142,0.03311536,0.016246138,0.028026426,3.5528533160686493,2.934862859547138,0.9911558645618971,0.9288445846619838,0.0006056021,0.0008614276,0.024608985,0.029350087,0.01805395,0.023298163,3.932741656899452,2.4613549932837486,0.9886356580914273,0.9440842760772794,0.08260893821716309,0.015638113021850586
30,0.12009971464673679,0.030171499721473084,0.00063692307,0.00046561993,0.025237335,0.021578228,0.019101957,0.015505825,4.289096221327782,1.6352243721485138,0.9876152171425829,0.9691858007628309,0.00054953294,0.00058239483,0.02344212,0.024132857,0.017340347,0.018831491,4.08220961689949,1.9909482449293137,0.9895959097548219,0.9615694582062255,0.5791242,0.14850494,0.7610021,0.3853634,0.52515334,0.3181598,1005.5056571960449,93.6031699180603,0.39538868049699716,-0.030929266886324802,0.000546628,0.00066870765,0.023380078,0.025859382,0.017926618,0.02038922,4.114161804318428,2.1236516535282135,0.9899127952173722,0.956610438815465,0.000652583,0.00063581864,0.025545705,0.025215445,0.019209249,0.019078663,4.2656149715185165,2.0003456622362137,0.9877540436588177,0.9587286760880626,0.11397004127502441,0.021870136260986328
31,0.11790078050560421,0.02999478403944522,0.0007070879,0.0008311332,0.026591124,0.02882938,0.019267568,0.022913828,4.5421503484249115,2.43204478174448,0.9862508829026504,0.9449965449376615,0.00067777693,0.0010877256,0.026034148,0.032980684,0.019481363,0.028231544,4.5574963092803955,2.991744689643383,0.9871679159835848,0.928224148105881,0.56531215,0.14576893,0.7518724,0.38179696,0.5185801,0.31395367,942.5429344177246,93.97010207176208,0.4098086317734482,-0.011935760754860691,0.00067845336,0.001305763,0.026047137,0.036135342,0.019806763,0.031017456,4.580577835440636,3.2417859882116318,0.9874801566261843,0.9152746508818604,0.0007697926,0.0009803725,0.027745137,0.0313109,0.020530837,0.02487259,4.727500304579735,2.6234220713377,0.985554564513041,0.9363634895318971,0.13403773307800293,0.0
32,0.11530274690853225,0.029963016411056743,0.0007364797,0.00045534197,0.027138159,0.021338744,0.021283457,0.015334671,4.74710687994957,1.6148066148161888,0.9856793668162469,0.96986598249483,0.0006424956,0.0004350458,0.025347497,0.020857751,0.01955297,0.015083212,4.653225094079971,1.5943944454193115,0.9878358832492404,0.9712925906274981,0.5533632,0.1477549,0.74388385,0.38438898,0.5111033,0.31641006,912.7019882202148,92.99854040145874,0.4222834432370335,-0.025722342152370015,0.0006684983,0.0005728298,0.025855334,0.023933863,0.019649765,0.018514948,4.4489894062280655,1.9321925938129425,0.9876638628611925,0.9628315378697303,0.0007137518,0.0005969866,0.026716134,0.02443331,0.020647207,0.018103026,4.582380875945091,1.8817825242877007,0.9866061909591025,0.9612492780802835,0.09822463989257812,0.010010242462158203
33,0.1130991673303975,0.029385082121007145,0.0012925953,0.0006208643,0.03595268,0.024917148,0.025897847,0.018811489,6.372492760419846,1.9987866282463074,0.9748658646457915,0.9589119080561289,0.0011171157,0.0010306238,0.033423282,0.03210333,0.025583593,0.027462542,6.215657666325569,2.9299909248948097,0.9788500879235337,0.9319921260448839,0.532004,0.14330734,0.72938603,0.37855956,0.50908655,0.3089608,919.4531440734863,94.82073783874512,0.44458274263587805,0.0051526850133784,0.0013322253,0.0011674706,0.03649966,0.03416827,0.027100611,0.02885995,6.501983106136322,3.0313001945614815,0.9754157750139941,0.9242478547735247,0.0011958249,0.0007990791,0.0345807,0.028267987,0.026214913,0.021933898,6.365799158811569,2.32174638658762,0.9775599146812425,0.9481313524977834,0.08269405364990234,0.015625476837158203
34,0.10976193348566692,0.03042641405481845,0.002066063,0.0006617122,0.045453966,0.025723767,0.033086233,0.019928286,7.657460868358612,2.1309684962034225,0.9598260084594257,0.9562086345313424,0.0017580424,0.0006431496,0.041929018,0.025360394,0.030788109,0.020304535,7.274635881185532,2.1847182884812355,0.966715678404956,0.9575604240863038,0.52613735,0.14942122,0.72535324,0.3865504,0.49890637,0.31736603,976.3629913330078,92.00779795646667,0.45070748616005707,-0.0372902772122381,0.0022226304,0.00080444047,0.04714478,0.02836266,0.034115877,0.023254156,8.048427104949951,2.4663329124450684,0.958984676416224,0.9478033201540325,0.0016441493,0.0006015081,0.040548112,0.024525661,0.03106024,0.018646728,7.090121507644653,1.9653493538498878,0.9691469478308037,0.9609557937225139,0.08827853202819824,0.010018110275268555
35,0.11385424766275618,0.04173460267484188,0.0073094303,0.017100925,0.085495204,0.1307705,0.068770885,0.12433002,17.388056218624115,13.048343360424042,0.8578702825213835,-0.13171975741428432,0.009016651,0.016389357,0.09495605,0.12802093,0.073523514,0.12191065,19.321396946907043,12.789978086948395,0.8292913109294807,-0.08148600853836352,0.57352924,0.14229155,0.7573171,0.3772155,0.5088712,0.30717126,922.7860450744629,94.88092064857483,0.40122993988164823,0.012204457236688282,0.008470835,0.01571337,0.09203714,0.12535298,0.07124465,0.11839057,18.436764180660248,12.348131835460663,0.8436833906752057,-0.019572926850595307,0.008092053,0.0171778,0.089955844,0.1310641,0.07115378,0.12413954,18.29752027988434,12.95035183429718,0.8481497099158064,-0.1150202004278853,0.08259010314941406,0.015674829483032227
36,0.13301672827866343,0.0340798000106588,0.0044906894,0.0005893294,0.06701261,0.024276108,0.056861136,0.018479595,16.019929945468903,1.9761381670832634,0.9126798564481376,0.9609988501050728,0.0037825804,0.0012326905,0.061502688,0.03510969,0.049988486,0.028662011,14.658153057098389,2.8635649010539055,0.9283858975697041,0.9186583333156483,0.5703229,0.16700183,0.7551972,0.40865856,0.51863235,0.33827823,984.8880767822266,92.43094325065613,0.40457743638648735,-0.15933572243389293,0.0038386045,0.0008730722,0.061956473,0.029547796,0.04993373,0.023359248,14.529776573181152,2.356121316552162,0.9291642917348919,0.943350101568178,0.004583077,0.0007020642,0.06769843,0.026496494,0.05755021,0.020655418,16.554836928844452,2.1815020591020584,0.9139969088487189,0.9544286339802986,0.0983114242553711,0.0
37,0.13181944439808527,0.048428315296769144,0.012701311,0.025161019,0.1127001,0.15862225,0.09920718,0.1552027,21.378110349178314,16.325919330120087,0.7530267251794303,-0.6651276898218395,0.009911265,0.022860931,0.099555336,0.15119831,0.08654144,0.14770684,19.123482704162598,15.556195378303528,0.8123539176790713,-0.5085264497212203,0.5596434,0.1404939,0.7480932,0.37482515,0.507944,0.2999017,856.9936752319336,96.30014300346375,0.4157269139942211,0.024683733914339867,0.011229646,0.02471856,0.105970025,0.15722138,0.09284482,0.15385745,20.265205204486847,16.09993875026703,0.7927736697430477,-0.6038810550955218,0.0125066005,0.028907163,0.11183292,0.17002107,0.097831994,0.16625987,21.07287049293518,17.414197325706482,0.765309136987863,-0.8763793921129717,0.08860373497009277,0.01572394371032715
38,0.12211324357324177,0.03364835293032229,0.0010138681,0.0006640557,0.031841297,0.025769278,0.0250718,0.021471841,6.603430211544037,2.257682755589485,0.9802856322483512,0.9560535473687025,0.0012694151,0.00051438785,0.03562885,0.02268012,0.027834162,0.017763779,7.869429886341095,1.8501698970794678,0.9759666637574604,0.9660570370790375,0.5439712,0.16576634,0.737544,0.40714413,0.51496136,0.33533975,1025.618553161621,92.6655113697052,0.4320887771967542,-0.15075885267464706,0.0013115401,0.00058062264,0.036215194,0.024096113,0.02903982,0.017087612,8.054246753454208,1.7859451472759247,0.9757974876025616,0.9623258975607131,0.0017488874,0.000716355,0.0418197,0.026764808,0.033588395,0.019577261,9.095627814531326,2.0621147006750107,0.9671814945527772,0.9535010176943857,0.09632635116577148,0.020907878875732422
39,0.11715518931547801,0.031702761771157384,0.0012759545,0.0017248458,0.035720505,0.041531265,0.028619075,0.037644558,6.519430875778198,3.9006374776363373,0.9751894376003275,0.8858516676807476,0.0015341197,0.002653497,0.03916784,0.051512107,0.030954272,0.047863193,6.86328187584877,4.932158067822456,0.9709551141554092,0.8249034347313108,0.5361119,0.1480196,0.7321966,0.38473314,0.49712485,0.3143107,1009.375,93.79753470420837,0.4402939777104382,-0.027560051136599206,0.0015616894,0.0029348412,0.039518215,0.054174174,0.03139399,0.05011054,6.809152662754059,5.164709687232971,0.9711813526939174,0.8095707818498975,0.0017540212,0.003181013,0.041881036,0.05640047,0.032511957,0.051454507,7.073483616113663,5.2967652678489685,0.9670851609478702,0.7935187393937269,0.0909268856048584,0.015636920928955078
40,0.11219458406170209,0.04036003146320581,0.0030060841,0.009800035,0.05482777,0.09899513,0.044299945,0.095877714,8.012613654136658,10.000325739383698,0.9415475674957409,0.3514447622342618,0.0026363356,0.009203897,0.05134526,0.09593694,0.041588783,0.093059085,7.697797566652298,9.708759933710098,0.9500872948195848,0.3926616069586374,0.5271547,0.1608343,0.7260542,0.4010415,0.5056915,0.33030543,1034.0956687927246,92.28730201721191,0.4496453893770488,-0.11652029384397022,0.0029964377,0.010354818,0.05473973,0.10175863,0.04454222,0.09840514,8.13186839222908,10.224927216768265,0.944705224031394,0.32812042273812225,0.0031588627,0.011607125,0.05620376,0.10773637,0.045052987,0.104127645,8.208955824375153,10.825305432081223,0.9407228031001346,0.2465752647721916,0.09820032119750977,0.015654563903808594
41,0.10792653842104806,0.0321876322501339,0.0012974847,0.0007084284,0.036020614,0.026616318,0.026848812,0.019059941,6.966181844472885,2.0341796800494194,0.9747707903846868,0.9531170083385619,0.0015260054,0.0007701599,0.03906412,0.027751755,0.03029227,0.019460555,7.788369804620743,2.054929919540882,0.9711087402047373,0.9491793848186135,0.5208511,0.15734853,0.72170013,0.3966718,0.5003441,0.32497102,1026.2003898620605,91.87195897102356,0.4562264519741066,-0.09232192835907327,0.0016764062,0.0010658922,0.04094394,0.032648005,0.032934405,0.023563316,8.278122544288635,2.443479374051094,0.9690644276025636,0.9308388478669191,0.0018587882,0.0010451373,0.043113668,0.032328583,0.03392368,0.023879403,8.519963920116425,2.505345270037651,0.9651191705478005,0.9321595721798286,0.09833860397338867,0.01563739776611328
42,0.10598911634749836,0.029389122524298726,0.00085073395,0.00056666904,0.029167345,0.023804812,0.02165483,0.01762126,5.679990723729134,1.8823150545358658,0.9834577263063201,0.9624984831954353,0.0008660775,0.0004914992,0.029429195,0.022169782,0.021680327,0.01599754,5.753820016980171,1.7100989818572998,0.9836028961951533,0.9675673944993394,0.51095176,0.14454338,0.7148089,0.3801886,0.49384367,0.3061531,1063.0435943603516,94.66440081596375,0.4665614326404315,-0.0034278939887180115,0.0008923306,0.00062566414,0.029871903,0.02501328,0.022041628,0.018411273,5.967939272522926,1.9399376586079597,0.9835333718615631,0.959403346503487,0.0010059158,0.00071838574,0.031716175,0.026802719,0.023848386,0.01990324,6.114280968904495,2.0993540063500404,0.9811236273749924,0.953369195025634,0.09829068183898926,0.015639305114746094
